repetition,fold,model,selected_k,effective_k,gamma,epsilon,validation_mse,test_mse,train_n,test_n,retained_n,retained_percent,reduction_passes,reduction_stop
1,1,null,,,,,,11.241736957903779,2087,2087,,,0,not_applicable
1,1,knn,23.0,23.0,5.623413251903491,,4.46262608786858,5.588421396555123,2087,2087,2087.0,100.0,0,not_applicable
1,1,edited,23.0,23.0,5.623413251903491,10.0,4.435728497213371,5.596361158378243,2087,2087,2081.0,99.71250598945855,2,stable
1,1,condensed,21.0,21.0,5.623413251903491,0.0,4.471622039327396,5.564312313943458,2087,2087,1839.0,88.11691423095353,3,stable
1,2,null,,,,,,9.625943935224077,2087,2087,,,0,not_applicable
1,2,knn,15.0,15.0,2.1544346900318843,,5.2246325502342525,4.5004832937810395,2087,2087,2087.0,100.0,0,not_applicable
1,2,edited,25.0,25.0,2.1544346900318843,10.0,5.309335186994808,4.50600094200201,2087,2087,2069.0,99.13751796837566,2,stable
1,2,condensed,15.0,15.0,2.1544346900318843,0.0,5.240221442335689,4.51480302917389,2087,2087,1886.0,90.36895064686152,4,stable
2,1,null,,,,,,10.090719031198908,2087,2087,,,0,not_applicable
2,1,knn,10.0,10.0,5.623413251903491,,4.748219565705364,5.234927751931071,2087,2087,2087.0,100.0,0,not_applicable
2,1,edited,10.0,10.0,5.623413251903491,10.0,4.7058044581437315,5.2071603402095015,2087,2087,2068.0,99.08960229995209,2,stable
2,1,condensed,13.0,13.0,5.623413251903491,1.0,4.7624787644128554,5.208245519034493,2087,2087,1342.0,64.302827024437,5,stable
2,2,null,,,,,,10.715605928869454,2087,2087,,,0,not_applicable
2,2,knn,15.0,15.0,5.623413251903491,,4.3570904731896665,5.096436341564512,2087,2087,2087.0,100.0,0,not_applicable
2,2,edited,15.0,15.0,5.623413251903491,10.0,4.3227446821073325,5.109263130559765,2087,2087,2078.0,99.56875898418782,2,stable
2,2,condensed,13.0,13.0,5.623413251903491,0.0,4.350562750078901,5.125516969301718,2087,2087,1871.0,89.65021562050791,4,stable
3,1,null,,,,,,10.487714693533727,2087,2087,,,0,not_applicable
3,1,knn,25.0,25.0,5.623413251903491,,4.712700849799468,5.157661212356803,2087,2087,2087.0,100.0,0,not_applicable
3,1,edited,25.0,25.0,5.623413251903491,8.0,4.689304176919731,5.1615865335398246,2087,2087,2047.0,98.08337326305703,3,stable
3,1,condensed,23.0,23.0,3.4807005884284132,0.0,4.689041796461229,5.069535742970627,2087,2087,1873.0,89.74604695735505,4,stable
3,2,null,,,,,,10.304608881181771,2087,2087,,,0,not_applicable
3,2,knn,23.0,23.0,3.4807005884284132,,5.2981628359379185,5.093432299160527,2087,2087,2087.0,100.0,0,not_applicable
3,2,edited,24.0,24.0,5.623413251903491,10.0,5.26322736346064,5.069393842396059,2087,2087,2071.0,99.2333493052228,2,stable
3,2,condensed,24.0,24.0,3.4807005884284132,0.0,5.287699133023908,5.084510163059106,2087,2087,1858.0,89.02731193100144,4,stable
4,1,null,,,,,,10.4290794153416,2087,2087,,,0,not_applicable
4,1,knn,16.0,16.0,3.4807005884284132,,5.581678689854268,5.043619450096208,2087,2087,2087.0,100.0,0,not_applicable
4,1,edited,16.0,16.0,3.4807005884284132,10.0,5.600053576243508,5.05370949627404,2087,2087,2068.0,99.08960229995209,2,stable
4,1,condensed,12.0,12.0,2.1544346900318843,1.0,5.49276012374167,5.13366545657544,2087,2087,1356.0,64.97364638236704,6,stable
4,2,null,,,,,,10.366756903633028,2087,2087,,,0,not_applicable
4,2,knn,16.0,16.0,1.333521432163324,,4.838166430615957,5.1295264123100335,2087,2087,2087.0,100.0,0,not_applicable
4,2,edited,16.0,16.0,2.1544346900318843,10.0,4.8475591530987545,5.124565114948673,2087,2087,2073.0,99.32918064206996,2,stable
4,2,condensed,15.0,15.0,2.1544346900318843,0.0,4.805033221488742,5.123448406539093,2087,2087,1833.0,87.82942022041208,4,stable
5,1,null,,,,,,10.381166042829307,2087,2087,,,0,not_applicable
5,1,knn,14.0,14.0,3.4807005884284132,,4.088882762112464,5.082017207951757,2087,2087,2087.0,100.0,0,not_applicable
5,1,edited,22.0,22.0,5.623413251903491,10.0,4.196449619227056,5.07980214194716,2087,2087,2071.0,99.2333493052228,2,stable
5,1,condensed,13.0,13.0,3.4807005884284132,0.0,4.084298497719348,5.087965524228067,2087,2087,1821.0,87.25443219932919,4,stable
5,2,null,,,,,,10.433217565833534,2087,2087,,,0,not_applicable
5,2,knn,19.0,19.0,2.1544346900318843,,5.301176135032393,5.18343395571131,2087,2087,2087.0,100.0,0,not_applicable
5,2,edited,20.0,20.0,3.4807005884284132,10.0,5.250662230455352,5.14708844942632,2087,2087,2076.0,99.47292764734068,2,stable
5,2,condensed,24.0,24.0,2.1544346900318843,0.0,5.293800365870943,5.202802271893138,2087,2087,1851.0,88.69190225203641,4,stable
