Iteration,Null k,Null p,Null Error,KNN k,KNN p,KNN Error,CNN k,CNN p,CNN Sample Percentage,CNN Error,KNN Macro Precision,KNN Macro Recall,CNN Macro Precision,CNN Macro Recall
1,-,-,0.312,3,1,0.169,5,1,32.060,0.161,0.623,0.545,0.712,0.644
2,-,-,0.287,7,1,0.098,17,1,31.829,0.152,0.858,0.673,0.731,0.591
3,-,-,0.319,7,1,0.102,6,1,32.292,0.192,0.842,0.672,0.660,0.541
4,-,-,0.280,8,1,0.115,13,1,31.597,0.159,0.858,0.644,0.702,0.513
5,-,-,0.307,7,1,0.128,16,1,31.597,0.185,0.791,0.651,0.666,0.443
6,-,-,0.293,7,1,0.116,18,1,30.787,0.191,0.771,0.608,0.739,0.469
7,-,-,0.310,5,1,0.125,14,1,29.977,0.155,0.731,0.660,0.704,0.543
8,-,-,0.289,5,1,0.126,10,1,31.019,0.164,0.844,0.635,0.729,0.592
9,-,-,0.289,5,1,0.122,14,1,32.176,0.146,0.771,0.662,0.780,0.592
10,-,-,0.310,5,1,0.145,5,1,32.176,0.168,0.747,0.626,0.701,0.681
