Iteration,Null k,Null p,Null Error,KNN k,KNN p,KNN Error,CNN k,CNN p,CNN Sample Percentage,CNN Error
1,-,-,0.42201834862385323,6,1,0.0779816513761468,3,1,14.285714285714286,0.0963302752293578
2,-,-,0.35023041474654376,7,1,0.07373271889400922,9,1,16.972477064220183,0.10138248847926268
3,-,-,0.39908256880733944,1,1,0.09174311926605505,5,1,9.67741935483871,0.13302752293577982
4,-,-,0.37327188940092165,1,1,0.07373271889400922,6,1,16.05504587155963,0.10599078341013825
5,-,-,0.38990825688073394,3,1,0.05963302752293578,2,1,17.51152073732719,0.16055045871559634
6,-,-,0.3824884792626728,1,1,0.10138248847926268,3,1,15.596330275229358,0.14285714285714285
7,-,-,0.3623853211009174,5,1,0.06880733944954129,17,1,16.589861751152075,0.0779816513761468
8,-,-,0.41013824884792627,17,1,0.10138248847926268,1,1,15.137614678899082,0.0967741935483871
9,-,-,0.3761467889908257,1,1,0.06422018348623854,7,1,19.35483870967742,0.0779816513761468
10,-,-,0.39631336405529954,1,1,0.09216589861751152,1,1,16.513761467889907,0.12903225806451613
