row_position,ERP,PRP,log_PRP
0,199.0,198.0,5.288267030694535
1,253.0,269.0,5.594711379601839
2,253.0,220.0,5.393627546352362
3,253.0,172.0,5.147494476813453
4,132.0,132.0,4.882801922586371
5,290.0,318.0,5.762051382780177
6,381.0,367.0,5.905361848054571
7,381.0,489.0,6.192362489474872
8,749.0,636.0,6.455198563340122
9,1238.0,1144.0,7.042286171939743
10,23.0,38.0,3.6375861597263857
11,24.0,40.0,3.6888794541139363
12,70.0,92.0,4.5217885770490405
13,117.0,138.0,4.927253685157205
14,15.0,10.0,2.302585092994046
15,64.0,35.0,3.5553480614894135
16,23.0,19.0,2.9444389791664403
17,29.0,28.0,3.332204510175204
18,22.0,31.0,3.4339872044851463
19,124.0,120.0,4.787491742782046
20,35.0,30.0,3.4011973816621555
21,39.0,33.0,3.4965075614664802
22,40.0,61.0,4.110873864173311
23,45.0,76.0,4.330733340286331
24,28.0,23.0,3.1354942159291497
25,21.0,69.0,4.23410650459726
26,28.0,33.0,3.4965075614664802
27,22.0,27.0,3.295836866004329
28,28.0,77.0,4.343805421853684
29,27.0,27.0,3.295836866004329
30,102.0,274.0,5.6131281063880705
31,102.0,368.0,5.908082938168931
32,74.0,32.0,3.4657359027997265
33,74.0,63.0,4.143134726391533
34,138.0,106.0,4.663439094112067
35,136.0,208.0,5.337538079701318
36,23.0,20.0,2.995732273553991
37,29.0,29.0,3.367295829986474
38,44.0,71.0,4.2626798770413155
39,30.0,26.0,3.258096538021482
40,41.0,36.0,3.58351893845611
41,74.0,40.0,3.6888794541139363
42,74.0,52.0,3.9512437185814275
43,74.0,60.0,4.0943445622221
44,54.0,72.0,4.276666119016055
45,41.0,72.0,4.276666119016055
46,18.0,18.0,2.8903717578961645
47,28.0,20.0,2.995732273553991
48,36.0,40.0,3.6888794541139363
49,38.0,62.0,4.127134385045092
50,34.0,24.0,3.1780538303479458
51,19.0,24.0,3.1780538303479458
52,72.0,138.0,4.927253685157205
53,36.0,36.0,3.58351893845611
54,30.0,26.0,3.258096538021482
55,56.0,60.0,4.0943445622221
56,42.0,71.0,4.2626798770413155
57,34.0,12.0,2.4849066497880004
58,34.0,14.0,2.6390573296152584
59,34.0,20.0,2.995732273553991
60,34.0,16.0,2.772588722239781
61,34.0,22.0,3.091042453358316
62,19.0,36.0,3.58351893845611
63,75.0,144.0,4.969813299576001
64,113.0,144.0,4.969813299576001
65,157.0,259.0,5.556828061699537
66,18.0,17.0,2.833213344056216
67,20.0,26.0,3.258096538021482
68,28.0,32.0,3.4657359027997265
69,33.0,32.0,3.4657359027997265
70,47.0,62.0,4.127134385045092
71,54.0,64.0,4.1588830833596715
72,20.0,22.0,3.091042453358316
73,23.0,36.0,3.58351893845611
74,25.0,44.0,3.784189633918261
75,52.0,50.0,3.912023005428146
76,27.0,45.0,3.8066624897703196
77,50.0,53.0,3.970291913552122
78,18.0,36.0,3.58351893845611
79,53.0,84.0,4.430816798843313
80,23.0,16.0,2.772588722239781
81,30.0,38.0,3.6375861597263857
82,73.0,38.0,3.6375861597263857
83,20.0,16.0,2.772588722239781
84,25.0,22.0,3.091042453358316
85,28.0,29.0,3.367295829986474
86,29.0,40.0,3.6888794541139363
87,32.0,35.0,3.5553480614894135
88,175.0,134.0,4.897839799950911
89,57.0,66.0,4.189654742026425
90,181.0,141.0,4.948759890378168
91,181.0,189.0,5.241747015059643
92,32.0,22.0,3.091042453358316
93,82.0,132.0,4.882801922586371
94,171.0,237.0,5.4680601411351315
95,361.0,465.0,6.142037405587356
96,350.0,465.0,6.142037405587356
97,220.0,277.0,5.6240175061873385
98,113.0,185.0,5.220355825078324
99,15.0,6.0,1.791759469228055
100,21.0,24.0,3.1780538303479458
101,35.0,45.0,3.8066624897703196
102,18.0,7.0,1.9459101490553132
103,20.0,13.0,2.5649493574615367
104,20.0,16.0,2.772588722239781
105,28.0,32.0,3.4657359027997265
106,45.0,32.0,3.4657359027997265
107,18.0,11.0,2.3978952727983707
108,17.0,11.0,2.3978952727983707
109,26.0,18.0,2.8903717578961645
110,28.0,22.0,3.091042453358316
111,28.0,37.0,3.6109179126442243
112,31.0,40.0,3.6888794541139363
113,31.0,34.0,3.5263605246161616
114,42.0,50.0,3.912023005428146
115,76.0,76.0,4.330733340286331
116,76.0,66.0,4.189654742026425
117,26.0,24.0,3.1780538303479458
118,59.0,49.0,3.8918202981106265
119,65.0,66.0,4.189654742026425
120,101.0,100.0,4.605170185988092
121,116.0,133.0,4.890349128221754
122,18.0,12.0,2.4849066497880004
123,20.0,18.0,2.8903717578961645
124,20.0,20.0,2.995732273553991
125,30.0,27.0,3.295836866004329
126,44.0,45.0,3.8066624897703196
127,44.0,56.0,4.02535169073515
128,82.0,70.0,4.248495242049359
129,82.0,80.0,4.382026634673881
130,128.0,136.0,4.912654885736052
131,37.0,16.0,2.772588722239781
132,46.0,26.0,3.258096538021482
133,46.0,32.0,3.4657359027997265
134,80.0,45.0,3.8066624897703196
135,88.0,54.0,3.9889840465642745
136,88.0,65.0,4.174387269895637
137,33.0,30.0,3.4011973816621555
138,46.0,50.0,3.912023005428146
139,29.0,40.0,3.6888794541139363
140,53.0,62.0,4.127134385045092
141,53.0,60.0,4.0943445622221
142,41.0,50.0,3.912023005428146
143,86.0,66.0,4.189654742026425
144,95.0,86.0,4.454347296253507
145,107.0,74.0,4.30406509320417
146,117.0,93.0,4.532599493153256
147,119.0,111.0,4.709530201312334
148,120.0,143.0,4.962844630259907
149,48.0,105.0,4.653960350157523
150,126.0,214.0,5.365976015021851
151,266.0,277.0,5.6240175061873385
152,270.0,370.0,5.91350300563827
153,426.0,510.0,6.234410725718371
154,151.0,214.0,5.365976015021851
155,267.0,326.0,5.786897381366708
156,603.0,510.0,6.234410725718371
157,19.0,8.0,2.0794415416798357
158,21.0,12.0,2.4849066497880004
159,26.0,17.0,2.833213344056216
160,35.0,21.0,3.044522437723423
161,41.0,24.0,3.1780538303479458
162,47.0,34.0,3.5263605246161616
163,62.0,42.0,3.7376696182833684
164,78.0,46.0,3.828641396489095
165,80.0,51.0,3.9318256327243257
166,80.0,116.0,4.7535901911063645
167,142.0,100.0,4.605170185988092
168,281.0,140.0,4.941642422609304
169,190.0,212.0,5.356586274672012
170,21.0,25.0,3.2188758248682006
171,25.0,30.0,3.4011973816621555
172,67.0,41.0,3.713572066704308
173,24.0,25.0,3.2188758248682006
174,24.0,50.0,3.912023005428146
175,64.0,50.0,3.912023005428146
176,25.0,30.0,3.4011973816621555
177,20.0,32.0,3.4657359027997265
178,29.0,38.0,3.6375861597263857
179,43.0,60.0,4.0943445622221
180,53.0,109.0,4.6913478822291435
181,19.0,6.0,1.791759469228055
182,22.0,11.0,2.3978952727983707
183,31.0,22.0,3.091042453358316
184,41.0,33.0,3.4965075614664802
185,47.0,58.0,4.060443010546419
186,99.0,130.0,4.867534450455582
187,67.0,75.0,4.31748811353631
188,81.0,113.0,4.727387818712341
189,149.0,188.0,5.236441962829949
190,183.0,173.0,5.153291594497779
191,275.0,248.0,5.5134287461649825
192,382.0,405.0,6.003887067106539
193,56.0,70.0,4.248495242049359
194,182.0,114.0,4.736198448394496
195,227.0,208.0,5.337538079701318
196,341.0,307.0,5.726847747587197
197,360.0,397.0,5.983936280687191
198,919.0,915.0,6.818924065275521
199,978.0,1150.0,7.047517221357296
200,24.0,12.0,2.4849066497880004
201,24.0,14.0,2.6390573296152584
202,24.0,18.0,2.8903717578961645
203,24.0,21.0,3.044522437723423
204,37.0,42.0,3.7376696182833684
205,50.0,46.0,3.828641396489095
206,41.0,52.0,3.9512437185814275
207,47.0,67.0,4.204692619390966
208,25.0,45.0,3.8066624897703196
