repetition,fold,model,selected_k,effective_k,gamma,epsilon,validation_mse,test_mse,test_rmse,test_mae,train_n,test_n,retained_n,retained_percent,reduction_passes,reduction_stop
1,1,null,,,,,,1.0071668260381044,1.0035770154991117,0.803019727720325,104,105,,,0,not_applicable
1,1,knn,16.0,16.0,9.085175756516872,,0.1361961137031884,0.22668432790420695,0.47611377621762524,0.3523115497590138,104,105,104.0,100.0,0,not_applicable
1,1,edited,15.0,15.0,3.4807005884284132,0.8,0.13011523755071822,0.1976599447296606,0.4445896363273222,0.3544579265575359,104,105,91.0,87.5,2,stable
1,1,condensed,2.0,2.0,61.8965818891261,0.6000000000000001,0.1098377837500891,0.3242076789796524,0.5693923769946806,0.4273830939087163,104,105,44.0,42.30769230769231,4,stable
1,2,null,,,,,,1.306299532660347,1.1429346143416723,0.9074048496444473,105,104,,,0,not_applicable
1,2,knn,12.0,12.0,3.4807005884284132,,0.11452004526564975,0.29124501093746,0.5396712063260927,0.388110027071287,105,104,105.0,100.0,0,not_applicable
1,2,edited,12.0,12.0,3.4807005884284132,1.0,0.11347021675903589,0.29124501093746,0.5396712063260927,0.388110027071287,105,104,105.0,100.0,1,stable
1,2,condensed,5.0,5.0,2.1544346900318843,0.6000000000000001,0.1039442555313636,0.38899159350150914,0.6236919059130952,0.44108534514801434,105,104,48.0,45.714285714285715,5,stable
2,1,null,,,,,,1.2471156210988799,1.1167433102995872,0.8649189465703292,104,105,,,0,not_applicable
2,1,knn,5.0,5.0,0.001,,0.0734728661794479,0.2615852669780287,0.5114540712302803,0.40375097353391004,104,105,104.0,100.0,0,not_applicable
2,1,edited,5.0,5.0,0.825404185268019,0.8,0.06942546852817015,0.2646695594053932,0.5144604546565199,0.4014361363545014,104,105,96.0,92.3076923076923,3,stable
2,1,condensed,4.0,4.0,2.1544346900318843,0.4,0.06447396860648502,0.24679675776752916,0.4967864307401412,0.3917334798291915,104,105,65.0,62.5,4,stable
2,2,null,,,,,,0.9429778152659909,0.9710704481478112,0.8045153464341107,105,104,,,0,not_applicable
2,2,knn,3.0,3.0,100.0,,0.19432823498569812,0.22550156874144192,0.47487005458487475,0.3444504159737025,105,104,105.0,100.0,0,not_applicable
2,2,edited,3.0,3.0,100.0,1.0,0.1949027076205326,0.23001997826200898,0.47960398065696763,0.3505652436392044,105,104,101.0,96.19047619047619,3,stable
2,2,condensed,3.0,3.0,100.0,0.2,0.19297407291265017,0.23094807430263373,0.4805705716152766,0.3516397055647031,105,104,92.0,87.61904761904762,3,stable
3,1,null,,,,,,1.2038885346081032,1.097218544597248,0.8756475380110799,104,105,,,0,not_applicable
3,1,knn,7.0,7.0,9.085175756516872,,0.11890567496521862,0.2211167177059006,0.47023049423224417,0.36014567651427815,104,105,104.0,100.0,0,not_applicable
3,1,edited,4.0,4.0,0.01778279410038923,0.6000000000000001,0.1032471298416775,0.21031972106739272,0.45860628110329316,0.37338322414589226,104,105,68.0,65.38461538461539,3,stable
3,1,condensed,7.0,7.0,9.085175756516872,0.0,0.11890567496521862,0.2211167177059006,0.47023049423224417,0.36014567651427815,104,105,103.0,99.03846153846153,3,stable
3,2,null,,,,,,1.0195186191394532,1.0097121466732255,0.8038059238417935,105,104,,,0,not_applicable
3,2,knn,6.0,6.0,3.4807005884284132,,0.1216732032461229,0.20565327400760458,0.4534901035387703,0.3557111372732902,105,104,105.0,100.0,0,not_applicable
3,2,edited,6.0,6.0,3.4807005884284132,1.2000000000000002,0.1216732032461229,0.23980189863017826,0.48969572045319965,0.3677076859620128,105,104,103.0,98.0952380952381,2,stable
3,2,condensed,4.0,4.0,0.001,0.4,0.1018950549454235,0.2626448569841818,0.5124888847420808,0.38941190118675606,105,104,67.0,63.80952380952381,4,stable
4,1,null,,,,,,1.0259456101435287,1.0128897324701878,0.8045612844229494,104,105,,,0,not_applicable
4,1,knn,3.0,3.0,14.677992676220706,,0.10941726951938124,0.4596082540855006,0.6779441378797375,0.44233123755004566,104,105,104.0,100.0,0,not_applicable
4,1,edited,2.0,2.0,14.677992676220706,1.0,0.0961525134716305,0.4757108117931734,0.689717921902261,0.4519188563700366,104,105,102.0,98.07692307692308,2,stable
4,1,condensed,2.0,2.0,5.623413251903491,0.4,0.1141419415660744,0.4700963665571405,0.6856357389730647,0.46325125905373615,104,105,62.0,59.61538461538461,3,stable
4,2,null,,,,,,1.1745604748021643,1.0837714126153006,0.8688739118662704,105,104,,,0,not_applicable
4,2,knn,18.0,18.0,14.677992676220706,,0.11855930277329392,0.20216421069313636,0.44962674597174085,0.35482422538354663,105,104,105.0,100.0,0,not_applicable
4,2,edited,19.0,19.0,5.623413251903491,0.6000000000000001,0.10439941616059215,0.20307471333384558,0.4506381179326107,0.3508319977447885,105,104,80.0,76.19047619047619,3,stable
4,2,condensed,10.0,10.0,5.623413251903491,1.0,0.11186009422473828,0.2406449582428261,0.4905557646617009,0.3673502899149815,105,104,25.0,23.80952380952381,3,stable
5,1,null,,,,,,1.0315372867678079,1.0156462409558793,0.8020317262679436,104,105,,,0,not_applicable
5,1,knn,19.0,19.0,3.4807005884284132,,0.2463581067975024,0.17510400399480813,0.41845430335319544,0.3302340684403929,104,105,104.0,100.0,0,not_applicable
5,1,edited,19.0,19.0,5.623413251903491,1.4000000000000001,0.23092964856880643,0.16914501706392704,0.41127243654775486,0.3184645735300999,104,105,101.0,97.11538461538461,2,stable
5,1,condensed,11.0,11.0,3.4807005884284132,0.6000000000000001,0.2321511320586948,0.20504428123248514,0.4528181547072568,0.3445153235322985,104,105,51.0,49.03846153846154,4,stable
5,2,null,,,,,,1.1567700489450823,1.0755324490433016,0.869627292994867,105,104,,,0,not_applicable
5,2,knn,15.0,15.0,2.1544346900318843,,0.12206542051873981,0.23940177052261513,0.4892870022007688,0.36090005227780353,105,104,105.0,100.0,0,not_applicable
5,2,edited,12.0,12.0,2.1544346900318843,1.2000000000000002,0.10864556640431207,0.2380857640669104,0.4879403283875093,0.36050144728970857,105,104,103.0,98.0952380952381,2,stable
5,2,condensed,11.0,11.0,2.1544346900318843,0.4,0.11907079365622739,0.2920870402069383,0.5404507750081762,0.3937368126763854,105,104,67.0,63.80952380952381,3,stable
